episode_name,link,airdate
Emissary,401.htm," 3 Jan, 1993"
Past Prologue,404.htm," 11 Jan, 1993"
A Man Alone,403.htm," 17 Jan, 1993"
Babel,405.htm," 25 Jan, 1993"
Captive Pursuit,406.htm," 1 Feb, 1993"
Q-Less,407.htm, 8 Feb. 1993
Dax,408.htm," 15 Feb, 1993"
The Passenger,409.htm," 22 Feb, 1993"
Move Along Home,410.htm," 15 Mar, 1993"
The Nagus,411.htm," 22 Mar, 1993"
Vortex,412.htm," 19 Apr, 1993"
Battle Lines,413.htm," 26 Apr, 1993"
The Storyteller,414.htm," 3 May, 1993"
Progress,415.htm," 10 May, 1993"
If Wishes Were Horses,416.htm," 17 May, 1993"
The Forsaken,417.htm," 24 May, 1993"
Dramatis Personae,418.htm," 31 May, 1993"
Duet,419.htm," 14 Jun, 1993"
"In The Hands Of The
Prophets",420.htm," 21 Jun, 1993"
The Homecoming,421.htm," 27 Sep, 1993"
The Circle,422.htm," 4 Oct, 1993"
The Siege,423.htm," 11 Oct, 1993"
Invasive Procedures,424.htm," 18 Oct, 1993"
Cardassians,425.htm," 25 Oct, 1993"
Melora,426.htm," 1 Nov, 1993"
Rules of Acquisition,427.htm," 8 Nov, 1993"
Necessary Evil,428.htm," 15 Nov, 1993"
Second Sight,429.htm," 22 Nov, 1993"
Sanctuary,430.htm," 29 Nov, 1993"
Rivals,431.htm," 3 Jan, 1994"
The Alternate,432.htm," 10 Jan, 1994"
Armageddon Game,433.htm," 31 Jan, 1994"
Whispers,434.htm," 7 Feb, 1994"
Paradise,435.htm," 14 Feb, 1994"
Shadowplay,436.htm," 21 Feb, 1994"
Playing God,437.htm," 28 Feb, 1994"
Profit and Loss,438.htm," 20 Mar, 1994"
Blood Oath,439.htm," 27 Mar, 1994"
"The Maquis, part one",440.htm," 24 Apr, 1994"
"The Maquis, part two",441.htm," 1 May, 1994"
The Wire,442.htm," 8 May, 1994"
Crossover,443.htm," 15 May, 1994"
The Collaborator,444.htm," 22 May, 1994"
Tribunal,445.htm," 6 Jun, 1994"
The Jem'Hadar,446.htm," 13 Jun, 1994"
"The Search, part one",447.htm," 26 Sep, 1994"
"The Search, part two",448.htm," 3 Oct, 1994"
The House of Quark,449.htm," 10 Oct, 1994"
Equilibrium,450.htm," 17 Oct, 1994"
Second Skin,451.htm," 24 Oct, 1994"
The Abandoned,452.htm," 31 Oct, 1994"
Civil Defense,453.htm," 7 Nov, 1994"
Meridian,454.htm," 14 Nov, 1994"
Defiant,455.htm," 21 Nov, 1994"
Fascination,456.htm," 28 Nov, 1994"
"Past Tense, part one",457.htm," 2 Jan, 1995"
"Past Tense, part two",458.htm," 9 Jan, 1995"
Life Support,459.htm," 30 Jan, 1995"
Heart of Stone,460.htm," 6 Feb, 1995"
Destiny,461.htm," 13 Feb, 1995"
Prophet Motive,462.htm," 20 Feb, 1995"
Visionary,463.htm," 27 Feb, 1995"
Distant Voices,464.htm," 10 Apr, 1995"
"Through the Looking
Glass",466.htm," 17 Apr, 1995"
Improbable Cause,465.htm," 24 Apr, 1995"
The Die is Cast,467.htm," 1 May, 1995"
Explorers,468.htm," 8 May, 1995"
Family Business,469.htm," 15 May, 1995"
Shakaar,470.htm," 22 May, 1995"
Facets,471.htm," 12 Jun, 1995"
The Adversary,472.htm," 19 Jun, 1995"
"The Way of the
Warrior",473.htm," 2 Oct, 1995"
The Visitor,476.htm," 9 Oct, 1995"
Hippocratic Oath,475.htm," 16 Oct, 1995"
Indiscretion,477.htm," 23 Oct, 1995"
Rejoined,478.htm," 30 Oct, 1995"
Starship Down,479.htm," 6 Nov, 1995"
Little Green Men,480.htm," 13 Nov, 1995"
The Sword of Kahless,481.htm," 20 Nov, 1995"
Our Man Bashir,482.htm," 27 Nov, 1995"
Homefront,483.htm," 1 Jan, 1996"
Paradise Lost,484.htm," 8 Jan, 1996"
Crossfire,485.htm," 29 Jan, 1996"
Return to Grace,486.htm," 5 Feb, 1996"
The Sons of Mogh,487.htm," 12 Feb, 1996"
Bar Association,488.htm," 19 Feb, 1996"
Accession,489.htm," 26 Feb, 1996"
Rules of Engagement,490.htm," 8 Apr, 1996"
Hard Times,491.htm," 15 Apr, 1996"
Shattered Mirror,492.htm," 22 Apr, 1996"
The Muse,493.htm, 29 Apr. 1996
For The Cause,494.htm," 6 May, 1996"
To The Death,496.htm," 13 May, 1996"
The Quickening,495.htm," 20 May, 1996"
Body Parts,497.htm," 10 Jun, 1996"
Broken Link,498.htm," 17 Jun, 1996"
Apocalypse Rising,499.htm," 30 Sep, 1996"
The Ship,500.htm," 7 Oct, 1996"
"Looking For
Par'Mach...",501.htm," 14 Oct, 1996"
"Nor The Battle To
The Strong",502.htm," 21 Oct, 1996"
The Assignment,504.htm," 28 Oct, 1996"
"Trials and
Tribble-ations",503.htm," 4 Nov, 1996"
"Let He Who Is
Without Sin",505.htm," 11 Nov, 1996"
Things Past,506.htm," 18 Nov, 1996"
The Ascent,507.htm," 25 Nov, 1996"
Rapture,508.htm," 30 Dec, 1996"
"The Darkness and The
Light",509.htm," 6 Jan, 1997"
The Begotten,510.htm," 27 Jan, 1997"
For The Uniform,511.htm," 3 Feb, 1997"
In Purgatory's Shadow,512.htm," 10 Feb, 1997"
By Inferno's Light,513.htm," 17 Feb, 1997"
"Doctor Bashir, I
Presume",514.htm," 24 Feb, 1997"
"A Simple
Investigation",515.htm," 31 Mar, 1997"
Business As Usual,516.htm," 7 Apr, 1997"
"Ties of Blood and
Water",517.htm," 14 Apr, 1997"
Ferengi Love Songs,518.htm," 21 Apr, 1997"
"Soldiers of The
Empire",519.htm," 28 Apr, 1997"
Children of Time,520.htm," 5 May, 1997"
Blaze of Glory,521.htm," 12 May, 1997"
Empok Nor,522.htm," 19 May, 1997"
In The Cards,523.htm," 9 Jun, 1997"
Call To Arms,524.htm," 16 Jun, 1997"
A Time To Stand,525.htm," 29 Sep, 1997"
Rocks And Shoals,527.htm," 6Â Oct, 1997"
Sons And Daughters,526.htm," 13 Oct, 1997"
Behind The Lines,528.htm," 20 Oct, 1997"
Favour The Bold,529.htm," 27 Oct, 1997"
Sacrifice of Angels,530.htm," 3 Nov, 1997"
"You Are Cordially
Invited",531.htm," 10 Nov, 1997"
Resurrection,532.htm," 17 Nov, 1997"
"Statistical
Probabilities",533.htm," 24 Nov, 1997"
"The Magnificent
Ferengi",534.htm, 29 Dec. 1997
Waltz,535.htm," 5 Jan, 1998"
Who Mourns For Morn?,536.htm," 2 Feb, 1998"
Far Beyond The Stars,538.htm," 9 Feb, 1998"
One Little Ship,537.htm," 16 Feb, 1998"
Honour Among Thieves,539.htm," 23 Feb, 1998"
Change of Heart,540.htm," 2 Mar, 1998"
"Wrongs Darker Than
Death Or Night",541.htm," 30 Mar, 1998"
Inquisition,542.htm," 6 Apr, 1998"
In The Pale Moonlight,543.htm," 13 Apr, 1998"
His Way,544.htm," 20 Apr, 1998"
The Reckoning,545.htm," 27 Apr, 1998"
Valiant,546.htm," 4 May, 1998"
Profit and Lace,547.htm," 11 May, 1998"
Time's Orphan,548.htm," 18 May, 1998"
"The Sound of her
Voice",549.htm," 8 Jun, 1998"
Tears of The Prophets,550.htm," 15 Jun, 1998"
Image In The Sand,551.htm," 28 Sep, 1998"
Shadows And Symbols,552.htm," 5 Oct, 1998"
Afterimage,553.htm," 12 Oct, 1998"
"Take Me Out To The
Holosuite",554.htm," 19 Oct, 1998"
Chrysalis,555.htm," 26 Oct, 1998"
"Treachery, Faith And
The Great River",556.htm," 2 Nov, 1998"
"Once More Unto The
Breach",557.htm, 9 Nov.1998
The Siege Of AR558,558.htm," 16 Nov, 1998"
Covenant,559.htm," 23 Nov, 1998"
"It's Only A Paper
Moon",560.htm," 28 Dec, 1998"
Prodigal Daughter,561.htm," 14 Jan, 1999"
"The Emperor's New
Cloak",562.htm," 1 Feb, 1999"
Field Of Fire,563.htm," 8 Feb, 1999"
Chimera,564.htm," 15 Feb, 1999"
Badda Bing Badda Bang,566.htm," 22 Feb, 1999"
Inter Arma Enim Silent Leges,565.htm," 1 Mar, 1999"
Penumbra,567.htm," 5 Apr, 1999"
Till Death Do Us Part,568.htm," 12 Apr, 1999"
Strange Bedfellows,569.htm," 19 Apr, 1999"
"The Changing Face Of
Evil",570.htm," 26 Apr, 1999"
When It Rains...,571.htm," 3 May, 1999"
Tacking Into The Wind,572.htm," 10 May, 1999"
Extreme Measures,573.htm," 17 May, 1999"
The Dogs Of War,574.htm," 24 May, 1999"
What You Leave Behind,575.htm," 31 May, 1999"
