,episode_name,link,production_order,show_name,series_name
0,The Cage,1.htm,1,Star Trek,The Original Series
1,The Man Trap,6.htm,6,Star Trek,The Original Series
2,Charlie X,8.htm,8,Star Trek,The Original Series
3,Where No Man Has Gone Before,2.htm,2,Star Trek,The Original Series
4,The Naked Time,7.htm,7,Star Trek,The Original Series
5,The Enemy Within,5.htm,5,Star Trek,The Original Series
6,Mudd's Women,4.htm,4,Star Trek,The Original Series
7,What Are Little Girls Made Of?,10.htm,10,Star Trek,The Original Series
8,Miri,12.htm,12,Star Trek,The Original Series
9,Dagger Of The Mind,11.htm,11,Star Trek,The Original Series
10,The Corbomite Maneuver,3.htm,3,Star Trek,The Original Series
11,"The Menagerie, part 1",16.htm,16,Star Trek,The Original Series
12,"The Menagerie, part 2",16b.htm,16,Star Trek,The Original Series
13,The Conscience of the King,13.htm,13,Star Trek,The Original Series
14,Balance of Terror,9.htm,9,Star Trek,The Original Series
15,Shore Leave,17.htm,17,Star Trek,The Original Series
16,The Galileo Seven,14.htm,14,Star Trek,The Original Series
17,The Squire of Gothos,18.htm,18,Star Trek,The Original Series
18,Arena,19.htm,19,Star Trek,The Original Series
19,Tomorrow is Yesterday,21.htm,21,Star Trek,The Original Series
20,Court Martial,15.htm,15,Star Trek,The Original Series
21,The Return of The Archons,22.htm,22,Star Trek,The Original Series
22,Space Seed,24.htm,24,Star Trek,The Original Series
23,A Taste of Armageddon,23.htm,23,Star Trek,The Original Series
24,This Side of Paradise,25.htm,25,Star Trek,The Original Series
25,The Devil in the Dark,26.htm,26,Star Trek,The Original Series
26,Errand of Mercy,27.htm,27,Star Trek,The Original Series
27,The Alternative Factor,20.htm,20,Star Trek,The Original Series
28,The City on the Edge of Forever,28.htm,28,Star Trek,The Original Series
29,Operation: Annihilate!,29.htm,29,Star Trek,The Original Series
30,Amok Time,34.htm,34,Star Trek,The Original Series
31,Who Mourns For  Adonais?,33.htm,33,Star Trek,The Original Series
32,The Changeling,37.htm,37,Star Trek,The Original Series
33,"Mirror, Mirror",39.htm,39,Star Trek,The Original Series
34,The Apple,38.htm,38,Star Trek,The Original Series
35,The Doomsday Machine,35.htm,35,Star Trek,The Original Series
36,Catspaw,30.htm,30,Star Trek,The Original Series
37,"I, Mudd",41.htm,41,Star Trek,The Original Series
38,Metamorphosis,31.htm,31,Star Trek,The Original Series
39,Journey to Babel,44.htm,44,Star Trek,The Original Series
40,Friday's Child,32.htm,32,Star Trek,The Original Series
41,The Deadly Years,40.htm,40,Star Trek,The Original Series
42,Obsession,47.htm,47,Star Trek,The Original Series
43,Wolf in the Fold,36.htm,36,Star Trek,The Original Series
44,The Trouble With  Tribbles,42.htm,42,Star Trek,The Original Series
45,The Gamesters of  Triskelion,46.htm,46,Star Trek,The Original Series
46,A Piece of the Action,49.htm,49,Star Trek,The Original Series
47,The Immunity Syndrome,48.htm,48,Star Trek,The Original Series
48,A Private Little War,45.htm,45,Star Trek,The Original Series
49,Return to Tomorrow,51.htm,51,Star Trek,The Original Series
50,Patterns Of Force,52.htm,52,Star Trek,The Original Series
51,By Any Other Name,50.htm,50,Star Trek,The Original Series
52,The Omega Glory,54.htm,54,Star Trek,The Original Series
53,The Ultimate Computer,53.htm,53,Star Trek,The Original Series
54,Bread and Circuses,43.htm,43,Star Trek,The Original Series
55,Assignment: Earth,55.htm,55,Star Trek,The Original Series
56,Spock's Brain,61.htm,61,Star Trek,The Original Series
57,The Enterprise  Incident,59.htm,59,Star Trek,The Original Series
58,The Paradise Syndrome,58.htm,58,Star Trek,The Original Series
59,And The Children  Shall Lead,60.htm,60,Star Trek,The Original Series
60,Is There In Truth No  Beauty?,62.htm,62,Star Trek,The Original Series
61,Spectre of the Gun,56.htm,56,Star Trek,The Original Series
62,The Day of the Dove,66.htm,66,Star Trek,The Original Series
63,For The World Is  Hollow...,65.htm,65,Star Trek,The Original Series
64,The Tholian Web,64.htm,64,Star Trek,The Original Series
65,Plato's Stepchildren,67.htm,67,Star Trek,The Original Series
66,Wink of an Eye,68.htm,68,Star Trek,The Original Series
67,The Empath,63.htm,63,Star Trek,The Original Series
68,Elaan of Troyius,57.htm,57,Star Trek,The Original Series
69,Whom Gods Destroy,71.htm,71,Star Trek,The Original Series
70,Let That Be Your Last  Battlefield,70.htm,70,Star Trek,The Original Series
71,The Mark of Gideon,72.htm,72,Star Trek,The Original Series
72,That Which Survives,69.htm,69,Star Trek,The Original Series
73,The Lights of Zetar,73.htm,73,Star Trek,The Original Series
74,Requiem for Methuselah,76.htm,76,Star Trek,The Original Series
75,The Way to Eden,75.htm,75,Star Trek,The Original Series
76,The Cloud Minders,74.htm,74,Star Trek,The Original Series
77,The Savage Curtain,77.htm,77,Star Trek,The Original Series
78,All Our Yesterdays,78.htm,78,Star Trek,The Original Series
79,Turnabout Intruder,79.htm,79,Star Trek,The Original Series
80,Beyond The  Farthest Star,TAS004.htm,22004,Star Trek,The Original Series
81,Yesteryear,TAS003.htm,22003,Star Trek,The Original Series
82,One Of Our  Planets Is Missing,TAS007.htm,22007,Star Trek,The Original Series
83,The Lorelei Signal,TAS006.htm,22006,Star Trek,The Original Series
84,"More Tribbles,  More Troubles",TAS001.htm,22001,Star Trek,The Original Series
85,The Survivor,TAS005.htm,22005,Star Trek,The Original Series
86,The Infinite  Vulcan,TAS002.htm,22002,Star Trek,The Original Series
87,The Magicks Of  Megas-Tu,TAS009.htm,22009,Star Trek,The Original Series
88,Once Upon A Planet,TAS017.htm,22017,Star Trek,The Original Series
89,Mudd's Passion,TAS008.htm,22008,Star Trek,The Original Series
90,The Terratin  Incident,TAS015.htm,22015,Star Trek,The Original Series
91,The Time Trap,TAS010.htm,22010,Star Trek,The Original Series
92,The Ambergris  Element,TAS013.htm,22013,Star Trek,The Original Series
93,The Slaver Weapon,TAS011.htm,22011,Star Trek,The Original Series
94,The Eye Of The  Beholder,TAS016.htm,22016,Star Trek,The Original Series
95,The Jihad,TAS014.htm,22014,Star Trek,The Original Series
96,The Pirates of  Orion,TAS020.htm,22020,Star Trek,The Original Series
97,Bem,TAS018.htm,22018,Star Trek,The Original Series
98,The Practical  Joker,TAS021.htm,22021,Star Trek,The Original Series
99,Albatross,TAS019.htm,22019,Star Trek,The Original Series
100,How Sharper Than  A Serpent's Tooth,TAS022.htm,22022,Star Trek,The Original Series
101,The Counter-Clock  Incident,TAS023.htm,22023,Star Trek,The Original Series
